Feature,Count,Min,Q1,Median,Q3,Max,Mean,Std,IQR,Midrange,Mode,Skewness,Log_Skewness,IQR_Outliers,IQR_Outlier_%,Z_Outliers,Z_Outlier_%
close,851264,1.59,31.29277567,48.48,75.139999,1578.130005,65.01191274222641,75.2012160070867,43.847223330000006,789.8600025,35.0,7.23697512164289,0.25195521126426557,51585,6.0598122321629955,12945,1.5206798361025486
open,851264,1.66,31.27,48.459999,75.120003,1584.439941,64.99361772892901,75.203892915551,43.850003,793.0499705000001,35.0,7.240054585132813,0.25279790644180156,51600,6.061574317720472,12968,1.5233817006240131
high,851264,1.81,31.620001,48.959999,75.849998,1600.930054,65.63974760650359,75.90686098145642,44.229997,801.3700269999999,34.0,7.236056092211377,0.25708450816487943,51606,6.062279151943463,12981,1.5249088414404932
low,851264,1.5,30.940001,47.970001,74.400002,1549.939941,64.33654092484893,74.45951807996519,43.460001000000005,775.7199705,34.0,7.239734104204572,0.24747193159385023,51528,6.053116307044583,12934,1.5193876400270656
volume,851264,0.0,1221500.0,2476250.0,5222500.0,859643400.0,5415112.640027066,12494681.433080781,4001000.0,429821700.0,1100000.0,13.132746281013507,0.2776739481979775,82488,9.690060897676867,11076,1.3011239756409292
Total Revenue,380845,99642000.0,3593100000.0,7810610000.0,17420000000.0,486000000000.0,20163603944.095367,41480110865.57762,13826900000.0,243049821000.0,99642000.0,6.314562188916476,0.36465121059001326,47358,12.434980110018511,6247,1.640299859522903
Gross Profit,380845,-12647000000.0,1557500000.0,2912000000.0,6894000000.0,149000000000.0,7185138222.573488,13896364506.998116,5336500000.0,68176500000.0,0.0,5.202042108903448,-22.447512296779713,38997,10.23959878690806,8446,2.2177001142196957
Operating Income,380845,-27910000000.0,525861000.0,1012000000.0,2200000000.0,71230000000.0,2260901870.7584453,5039382677.941353,1674139000.0,21660000000.0,0.0,5.643148281753722,-40.62922995686499,44152,11.59316782418044,8270,2.1714870879229085
Net Income,380845,-23528000000.0,351400000.0,673000000.0,1679000000.0,53394000000.0,1707284215.3238194,3987707382.011765,1327600000.0,14933000000.0,-103603000.0,5.491727286804833,-40.95444012059484,45899,12.051884624978666,8656,2.2728406569601804
Total Assets,380845,216895000.0,6439626000.0,14925000000.0,35956000000.0,2570000000000.0,57805256640.23946,213188719288.9113,29516374000.0,1285108447500.0,216895000.0,8.436174288145402,0.6964585276816977,42932,11.272827528259528,5688,1.493520986227993
Total Liabilities,380845,232000000.0,3738800000.0,8783000000.0,23715000000.0,2340000000000.0,45701502443.503265,190765462607.00098,19976200000.0,1170116000000.0,294033000.0,8.60964782243943,0.5436018310973962,42770,11.230290538145441,5688,1.493520986227993
Total Equity,380845,-13244000000.0,2207800000.0,4944400000.0,10807000000.0,256000000000.0,12096237354.065302,26670275211.547813,8599200000.0,121378000000.0,-77138000.0,5.699787030452781,-15.923480543056085,36860,9.678478121020364,7647,2.007903477792803
Cash and Cash Equivalents,380845,21000.0,294000000.0,839000000.0,2283582000.0,728000000000.0,9026486597.60795,56845282117.777985,1989582000.0,364000010500.0,3303000.0,9.645707874104351,-0.11892092180476098,44892,11.787472593837387,4488,1.178432170568079
Earnings Per Share,356944,-61.2,1.6,2.82,4.57,50.09,3.3697568638217756,4.550468909781559,2.97,-5.555,2.78,0.74241298989634,-21.403363362002594,22693,6.3575799004885925,5669,1.5882043121610112
Current Ratio,315640,17.0,109.0,151.0,227.0,1188.0,186.125513242935,123.81220011978091,118.0,602.5,122.0,2.482329435454933,0.06888794278919196,17481,5.538271448485617,6517,2.0646939551387655
